income,labour,national,act,actRebate,tpm,top,greens
0,0.000,0.000,0.000,0.000,0.000,0.000,0.000
1000,0.105,0.105,0.175,0.175,0.000,0.000,0.000
2000,0.105,0.105,0.175,0.175,0.000,0.000,0.000
3000,0.105,0.105,0.175,0.148,0.000,0.000,0.000
4000,0.105,0.105,0.175,0.135,0.000,0.000,0.000
5000,0.105,0.105,0.175,0.127,0.000,0.000,0.000
6000,0.105,0.105,0.175,0.122,0.000,0.000,0.000
7000,0.105,0.105,0.175,0.118,0.000,0.000,0.000
8000,0.105,0.105,0.175,0.115,0.000,0.000,0.000
9000,0.105,0.105,0.175,0.113,0.000,0.000,0.000
10000,0.105,0.105,0.175,0.111,0.000,0.000,0.000
11000,0.105,0.105,0.175,0.110,0.000,0.000,0.015
12000,0.105,0.105,0.175,0.108,0.000,0.000,0.028
13000,0.105,0.105,0.175,0.113,0.000,0.000,0.039
14000,0.105,0.105,0.175,0.118,0.000,0.000,0.049
15000,0.110,0.105,0.175,0.122,0.000,0.000,0.057
16000,0.114,0.107,0.175,0.125,0.000,0.013,0.064
17000,0.117,0.111,0.175,0.128,0.000,0.024,0.070
18000,0.121,0.114,0.175,0.131,0.000,0.033,0.076
19000,0.123,0.118,0.175,0.133,0.000,0.042,0.081
20000,0.126,0.120,0.175,0.135,0.000,0.050,0.085
21000,0.128,0.123,0.175,0.137,0.000,0.057,0.089
22000,0.130,0.125,0.175,0.139,0.000,0.064,0.093
23000,0.132,0.128,0.175,0.140,0.000,0.070,0.096
24000,0.134,0.130,0.175,0.142,0.000,0.075,0.099
25000,0.136,0.131,0.175,0.143,0.000,0.080,0.102
26000,0.137,0.133,0.175,0.144,0.000,0.085,0.105
27000,0.139,0.135,0.175,0.145,0.000,0.089,0.107
28000,0.140,0.136,0.175,0.146,0.000,0.093,0.109
29000,0.141,0.137,0.175,0.147,0.000,0.097,0.111
30000,0.142,0.139,0.175,0.148,0.000,0.100,0.113
31000,0.143,0.140,0.175,0.149,0.005,0.103,0.115
32000,0.144,0.141,0.175,0.150,0.009,0.106,0.117
33000,0.145,0.142,0.175,0.151,0.014,0.109,0.118
34000,0.146,0.143,0.175,0.151,0.018,0.112,0.120
35000,0.147,0.144,0.175,0.152,0.021,0.114,0.121
36000,0.148,0.145,0.175,0.153,0.025,0.117,0.123
37000,0.149,0.145,0.175,0.153,0.028,0.119,0.124
38000,0.149,0.146,0.175,0.154,0.032,0.121,0.125
39000,0.150,0.147,0.175,0.154,0.035,0.123,0.126
40000,0.150,0.148,0.175,0.155,0.037,0.125,0.128
41000,0.151,0.148,0.175,0.155,0.040,0.127,0.129
42000,0.152,0.149,0.175,0.156,0.043,0.129,0.130
43000,0.152,0.150,0.175,0.156,0.045,0.130,0.130
44000,0.153,0.150,0.175,0.157,0.048,0.132,0.131
45000,0.153,0.151,0.175,0.157,0.050,0.133,0.132
46000,0.154,0.151,0.175,0.158,0.052,0.135,0.133
47000,0.154,0.152,0.175,0.158,0.054,0.136,0.134
48000,0.155,0.152,0.175,0.158,0.056,0.138,0.135
49000,0.158,0.153,0.175,0.160,0.058,0.139,0.135
50000,0.160,0.153,0.175,0.162,0.060,0.140,0.136
51000,0.163,0.154,0.175,0.164,0.062,0.141,0.139
52000,0.166,0.154,0.175,0.166,0.063,0.142,0.142
53000,0.168,0.154,0.175,0.167,0.065,0.143,0.145
54000,0.171,0.156,0.175,0.169,0.067,0.144,0.148
55000,0.173,0.159,0.175,0.171,0.068,0.145,0.151
56000,0.175,0.161,0.175,0.172,0.070,0.146,0.154
57000,0.178,0.164,0.175,0.174,0.071,0.147,0.156
58000,0.180,0.166,0.175,0.175,0.072,0.148,0.159
59000,0.182,0.168,0.175,0.175,0.074,0.149,0.161
60000,0.184,0.170,0.175,0.175,0.075,0.150,0.163
61000,0.186,0.172,0.175,0.175,0.079,0.151,0.166
62000,0.187,0.175,0.175,0.175,0.083,0.152,0.168
63000,0.189,0.177,0.175,0.175,0.087,0.152,0.170
64000,0.191,0.178,0.175,0.175,0.091,0.153,0.172
65000,0.193,0.180,0.175,0.175,0.095,0.154,0.174
66000,0.194,0.182,0.175,0.175,0.098,0.155,0.176
67000,0.196,0.184,0.175,0.175,0.102,0.155,0.178
68000,0.197,0.186,0.175,0.175,0.105,0.156,0.179
69000,0.199,0.187,0.175,0.175,0.108,0.157,0.181
70000,0.200,0.189,0.175,0.175,0.111,0.157,0.183
71000,0.202,0.190,0.176,0.176,0.115,0.158,0.185
72000,0.204,0.192,0.178,0.178,0.117,0.158,0.186
73000,0.206,0.193,0.179,0.179,0.120,0.159,0.188
74000,0.207,0.195,0.181,0.181,0.123,0.159,0.189
75000,0.209,0.196,0.182,0.182,0.126,0.160,0.191
76000,0.211,0.198,0.183,0.183,0.129,0.161,0.193
77000,0.212,0.199,0.185,0.185,0.131,0.161,0.195
78000,0.214,0.200,0.186,0.186,0.134,0.162,0.197
79000,0.215,0.202,0.187,0.187,0.136,0.162,0.199
80000,0.216,0.203,0.188,0.188,0.139,0.163,0.201
81000,0.218,0.205,0.189,0.189,0.141,0.165,0.202
82000,0.219,0.207,0.190,0.190,0.143,0.167,0.204
83000,0.221,0.208,0.191,0.191,0.146,0.169,0.206
84000,0.222,0.209,0.193,0.193,0.148,0.171,0.208
85000,0.223,0.211,0.194,0.194,0.150,0.174,0.209
86000,0.224,0.212,0.195,0.195,0.152,0.176,0.211
87000,0.226,0.214,0.196,0.196,0.154,0.178,0.213
88000,0.227,0.215,0.196,0.196,0.156,0.180,0.214
89000,0.228,0.216,0.197,0.197,0.158,0.181,0.216
90000,0.229,0.218,0.198,0.198,0.160,0.183,0.217
91000,0.230,0.219,0.199,0.199,0.163,0.185,0.219
92000,0.231,0.220,0.200,0.200,0.165,0.187,0.220
93000,0.232,0.221,0.201,0.201,0.167,0.189,0.222
94000,0.233,0.222,0.202,0.202,0.170,0.190,0.223
95000,0.234,0.223,0.203,0.203,0.172,0.192,0.224
96000,0.235,0.225,0.203,0.203,0.174,0.194,0.226
97000,0.236,0.226,0.204,0.204,0.177,0.195,0.227
98000,0.237,0.227,0.205,0.205,0.179,0.197,0.228
99000,0.238,0.228,0.206,0.206,0.181,0.198,0.229
100000,0.239,0.229,0.206,0.206,0.183,0.200,0.231
101000,0.240,0.230,0.207,0.207,0.185,0.201,0.232
102000,0.241,0.231,0.208,0.208,0.187,0.203,0.233
103000,0.242,0.232,0.209,0.209,0.189,0.204,0.234
104000,0.243,0.233,0.209,0.209,0.191,0.206,0.235
105000,0.244,0.234,0.210,0.210,0.193,0.207,0.236
106000,0.244,0.235,0.211,0.211,0.195,0.208,0.237
107000,0.245,0.235,0.211,0.211,0.197,0.210,0.238
108000,0.246,0.236,0.212,0.212,0.198,0.211,0.239
109000,0.247,0.237,0.213,0.213,0.200,0.212,0.240
110000,0.247,0.238,0.213,0.213,0.202,0.214,0.241
111000,0.248,0.239,0.214,0.214,0.204,0.215,0.242
112000,0.249,0.240,0.214,0.214,0.205,0.216,0.243
113000,0.250,0.240,0.215,0.215,0.207,0.217,0.244
114000,0.250,0.241,0.216,0.216,0.208,0.218,0.245
115000,0.251,0.242,0.216,0.216,0.210,0.220,0.246
116000,0.252,0.243,0.217,0.217,0.212,0.221,0.247
117000,0.252,0.243,0.217,0.217,0.213,0.222,0.248
118000,0.253,0.244,0.218,0.218,0.215,0.223,0.249
119000,0.254,0.245,0.218,0.218,0.216,0.224,0.250
120000,0.254,0.246,0.219,0.219,0.217,0.225,0.250
121000,0.255,0.246,0.219,0.219,0.219,0.226,0.252
122000,0.256,0.247,0.220,0.220,0.220,0.227,0.253
123000,0.256,0.248,0.220,0.220,0.222,0.228,0.254
124000,0.257,0.248,0.221,0.221,0.223,0.229,0.255
125000,0.257,0.249,0.221,0.221,0.224,0.230,0.256
126000,0.258,0.250,0.222,0.222,0.226,0.231,0.257
127000,0.259,0.250,0.222,0.222,0.227,0.232,0.258
128000,0.259,0.251,0.223,0.223,0.228,0.233,0.259
129000,0.260,0.252,0.223,0.223,0.230,0.234,0.260
130000,0.260,0.252,0.223,0.223,0.231,0.235,0.261
131000,0.261,0.253,0.224,0.224,0.232,0.235,0.262
132000,0.261,0.253,0.224,0.224,0.233,0.236,0.263
133000,0.262,0.254,0.225,0.225,0.234,0.237,0.264
134000,0.262,0.254,0.225,0.225,0.236,0.238,0.265
135000,0.263,0.255,0.226,0.226,0.237,0.239,0.266
136000,0.263,0.256,0.226,0.226,0.238,0.240,0.267
137000,0.264,0.256,0.226,0.226,0.239,0.241,0.268
138000,0.264,0.257,0.227,0.227,0.240,0.241,0.269
139000,0.265,0.257,0.227,0.227,0.241,0.242,0.269
140000,0.265,0.258,0.228,0.228,0.242,0.243,0.270
141000,0.266,0.258,0.228,0.228,0.243,0.244,0.271
142000,0.266,0.259,0.228,0.228,0.244,0.244,0.272
143000,0.267,0.259,0.229,0.229,0.245,0.245,0.273
144000,0.267,0.260,0.229,0.229,0.246,0.246,0.274
145000,0.267,0.260,0.229,0.229,0.247,0.247,0.274
146000,0.268,0.261,0.230,0.230,0.248,0.247,0.275
147000,0.268,0.261,0.230,0.230,0.249,0.248,0.276
148000,0.269,0.262,0.230,0.230,0.250,0.249,0.277
149000,0.269,0.262,0.231,0.231,0.251,0.249,0.278
150000,0.269,0.263,0.231,0.231,0.252,0.250,0.278
151000,0.270,0.263,0.231,0.231,0.253,0.251,0.279
152000,0.270,0.263,0.232,0.232,0.254,0.251,0.280
153000,0.271,0.264,0.232,0.232,0.255,0.252,0.281
154000,0.271,0.264,0.232,0.232,0.256,0.253,0.281
155000,0.271,0.265,0.233,0.233,0.256,0.253,0.282
156000,0.272,0.265,0.233,0.233,0.257,0.254,0.283
157000,0.272,0.266,0.233,0.233,0.258,0.254,0.283
158000,0.273,0.266,0.233,0.233,0.259,0.255,0.284
159000,0.273,0.266,0.234,0.234,0.260,0.256,0.285
160000,0.273,0.267,0.234,0.234,0.261,0.256,0.285
161000,0.274,0.267,0.234,0.234,0.261,0.257,0.286
162000,0.274,0.268,0.235,0.235,0.262,0.257,0.287
163000,0.274,0.268,0.235,0.235,0.263,0.258,0.287
164000,0.275,0.268,0.235,0.235,0.264,0.259,0.288
165000,0.275,0.269,0.235,0.235,0.265,0.259,0.288
166000,0.275,0.269,0.236,0.236,0.265,0.260,0.289
167000,0.276,0.269,0.236,0.236,0.266,0.260,0.290
168000,0.276,0.270,0.236,0.236,0.267,0.261,0.290
169000,0.276,0.270,0.237,0.237,0.268,0.261,0.291
170000,0.277,0.270,0.237,0.237,0.268,0.262,0.291
171000,0.277,0.271,0.237,0.237,0.269,0.262,0.292
172000,0.277,0.271,0.237,0.237,0.270,0.263,0.293
173000,0.278,0.271,0.238,0.238,0.270,0.263,0.293
174000,0.278,0.272,0.238,0.238,0.271,0.264,0.294
175000,0.278,0.272,0.238,0.238,0.272,0.264,0.294
176000,0.278,0.272,0.238,0.238,0.272,0.265,0.295
177000,0.279,0.273,0.238,0.238,0.273,0.265,0.295
178000,0.279,0.273,0.239,0.239,0.274,0.266,0.296
179000,0.279,0.273,0.239,0.239,0.274,0.266,0.296
180000,0.280,0.274,0.239,0.239,0.275,0.267,0.297
181000,0.280,0.274,0.239,0.239,0.276,0.268,0.298
182000,0.281,0.275,0.240,0.240,0.277,0.268,0.299
183000,0.281,0.276,0.240,0.240,0.277,0.269,0.299
184000,0.282,0.276,0.240,0.240,0.278,0.270,0.300
185000,0.283,0.277,0.240,0.240,0.279,0.271,0.301
186000,0.283,0.278,0.240,0.240,0.280,0.272,0.302
187000,0.284,0.278,0.241,0.241,0.280,0.272,0.303
188000,0.284,0.279,0.241,0.241,0.281,0.273,0.303
189000,0.285,0.279,0.241,0.241,0.282,0.274,0.304
190000,0.285,0.280,0.241,0.241,0.283,0.275,0.305
191000,0.286,0.280,0.242,0.242,0.283,0.275,0.306
192000,0.286,0.281,0.242,0.242,0.284,0.276,0.307
193000,0.287,0.282,0.242,0.242,0.285,0.277,0.307
194000,0.288,0.282,0.242,0.242,0.285,0.278,0.308
195000,0.288,0.283,0.242,0.242,0.286,0.278,0.309
196000,0.289,0.283,0.242,0.242,0.287,0.279,0.309
197000,0.289,0.284,0.243,0.243,0.288,0.280,0.310
198000,0.290,0.284,0.243,0.243,0.288,0.281,0.311
199000,0.290,0.285,0.243,0.243,0.289,0.281,0.312
200000,0.291,0.285,0.243,0.243,0.289,0.282,0.312
201000,0.291,0.286,0.243,0.243,0.290,0.283,0.313
202000,0.292,0.286,0.244,0.244,0.291,0.283,0.314
203000,0.292,0.287,0.244,0.244,0.291,0.284,0.314
204000,0.293,0.287,0.244,0.244,0.292,0.285,0.315
205000,0.293,0.288,0.244,0.244,0.293,0.285,0.316
206000,0.293,0.288,0.244,0.244,0.293,0.286,0.316
207000,0.294,0.289,0.244,0.244,0.294,0.287,0.317
208000,0.294,0.289,0.245,0.245,0.295,0.287,0.318
209000,0.295,0.290,0.245,0.245,0.295,0.288,0.318
210000,0.295,0.290,0.245,0.245,0.296,0.289,0.319
211000,0.296,0.291,0.245,0.245,0.296,0.289,0.319
212000,0.296,0.291,0.245,0.245,0.297,0.290,0.320
213000,0.297,0.292,0.245,0.245,0.297,0.290,0.321
214000,0.297,0.292,0.246,0.246,0.298,0.291,0.321
215000,0.298,0.293,0.246,0.246,0.299,0.292,0.322
216000,0.298,0.293,0.246,0.246,0.299,0.292,0.322
217000,0.298,0.294,0.246,0.246,0.300,0.293,0.323
218000,0.299,0.294,0.246,0.246,0.300,0.293,0.324
219000,0.299,0.294,0.246,0.246,0.301,0.294,0.324
220000,0.300,0.295,0.247,0.247,0.301,0.295,0.325
221000,0.300,0.295,0.247,0.247,0.302,0.295,0.325
222000,0.300,0.296,0.247,0.247,0.302,0.296,0.326
223000,0.301,0.296,0.247,0.247,0.303,0.296,0.326
224000,0.301,0.297,0.247,0.247,0.303,0.297,0.327
225000,0.302,0.297,0.247,0.247,0.304,0.297,0.328
226000,0.302,0.297,0.247,0.247,0.305,0.298,0.328
227000,0.302,0.298,0.248,0.248,0.305,0.298,0.329
228000,0.303,0.298,0.248,0.248,0.306,0.299,0.329
229000,0.303,0.299,0.248,0.248,0.306,0.299,0.330
230000,0.304,0.299,0.248,0.248,0.307,0.300,0.330
231000,0.304,0.299,0.248,0.248,0.307,0.301,0.331
232000,0.304,0.300,0.248,0.248,0.307,0.301,0.331
233000,0.305,0.300,0.248,0.248,0.308,0.302,0.332
234000,0.305,0.301,0.249,0.249,0.308,0.302,0.332
235000,0.305,0.301,0.249,0.249,0.309,0.303,0.333
236000,0.306,0.301,0.249,0.249,0.309,0.303,0.333
237000,0.306,0.302,0.249,0.249,0.310,0.304,0.334
238000,0.306,0.302,0.249,0.249,0.310,0.304,0.334
239000,0.307,0.302,0.249,0.249,0.311,0.305,0.335
240000,0.307,0.303,0.249,0.249,0.311,0.305,0.335
241000,0.308,0.303,0.250,0.250,0.312,0.305,0.336
242000,0.308,0.304,0.250,0.250,0.312,0.306,0.336
243000,0.308,0.304,0.250,0.250,0.313,0.306,0.337
244000,0.309,0.304,0.250,0.250,0.313,0.307,0.337
245000,0.309,0.305,0.250,0.250,0.313,0.307,0.338
246000,0.309,0.305,0.250,0.250,0.314,0.308,0.338
247000,0.310,0.305,0.250,0.250,0.314,0.308,0.338
248000,0.310,0.306,0.250,0.250,0.315,0.309,0.339
249000,0.310,0.306,0.250,0.250,0.315,0.309,0.339
250000,0.310,0.306,0.251,0.251,0.316,0.310,0.340
251000,0.311,0.307,0.251,0.251,0.316,0.310,0.340
252000,0.311,0.307,0.251,0.251,0.316,0.311,0.341
253000,0.311,0.307,0.251,0.251,0.317,0.311,0.341
254000,0.312,0.308,0.251,0.251,0.317,0.312,0.342
255000,0.312,0.308,0.251,0.251,0.318,0.312,0.342
256000,0.312,0.308,0.251,0.251,0.318,0.313,0.342
257000,0.313,0.309,0.251,0.251,0.318,0.313,0.343
258000,0.313,0.309,0.252,0.252,0.319,0.314,0.343
259000,0.313,0.309,0.252,0.252,0.319,0.314,0.344
260000,0.314,0.310,0.252,0.252,0.320,0.315,0.344
261000,0.314,0.310,0.252,0.252,0.320,0.316,0.344
262000,0.314,0.310,0.252,0.252,0.320,0.316,0.345
263000,0.314,0.310,0.252,0.252,0.321,0.317,0.345
264000,0.315,0.311,0.252,0.252,0.321,0.317,0.346
265000,0.315,0.311,0.252,0.252,0.322,0.318,0.346
266000,0.315,0.311,0.252,0.252,0.322,0.318,0.346
267000,0.316,0.312,0.252,0.252,0.322,0.319,0.347
268000,0.316,0.312,0.253,0.253,0.323,0.319,0.347
269000,0.316,0.312,0.253,0.253,0.323,0.320,0.348
270000,0.316,0.313,0.253,0.253,0.323,0.320,0.348
271000,0.317,0.313,0.253,0.253,0.324,0.320,0.348
272000,0.317,0.313,0.253,0.253,0.324,0.321,0.349
273000,0.317,0.313,0.253,0.253,0.324,0.321,0.349
274000,0.317,0.314,0.253,0.253,0.325,0.322,0.349
275000,0.318,0.314,0.253,0.253,0.325,0.322,0.350
276000,0.318,0.314,0.253,0.253,0.325,0.323,0.350
277000,0.318,0.314,0.253,0.253,0.326,0.323,0.351
278000,0.318,0.315,0.254,0.254,0.326,0.324,0.351
279000,0.319,0.315,0.254,0.254,0.326,0.324,0.351
280000,0.319,0.315,0.254,0.254,0.327,0.325,0.352
281000,0.319,0.316,0.254,0.254,0.327,0.325,0.352
282000,0.320,0.316,0.254,0.254,0.327,0.326,0.352
283000,0.320,0.316,0.254,0.254,0.328,0.326,0.353
284000,0.320,0.316,0.254,0.254,0.328,0.326,0.353
285000,0.320,0.317,0.254,0.254,0.328,0.327,0.353
286000,0.320,0.317,0.254,0.254,0.329,0.327,0.354
287000,0.321,0.317,0.254,0.254,0.329,0.328,0.354
288000,0.321,0.317,0.254,0.254,0.329,0.328,0.354
289000,0.321,0.318,0.255,0.255,0.330,0.329,0.355
290000,0.321,0.318,0.255,0.255,0.330,0.329,0.355
291000,0.322,0.318,0.255,0.255,0.330,0.329,0.355
292000,0.322,0.318,0.255,0.255,0.331,0.330,0.356
293000,0.322,0.319,0.255,0.255,0.331,0.330,0.356
294000,0.322,0.319,0.255,0.255,0.331,0.331,0.356
295000,0.323,0.319,0.255,0.255,0.332,0.331,0.357
296000,0.323,0.319,0.255,0.255,0.332,0.331,0.357
297000,0.323,0.320,0.255,0.255,0.332,0.332,0.357
298000,0.323,0.320,0.255,0.255,0.332,0.332,0.358
299000,0.324,0.320,0.255,0.255,0.333,0.333,0.358
300000,0.324,0.320,0.256,0.256,0.333,0.333,0.358
301000,0.324,0.320,0.256,0.256,0.333,0.333,0.358
302000,0.324,0.321,0.256,0.256,0.334,0.334,0.359
303000,0.324,0.321,0.256,0.256,0.334,0.334,0.359
304000,0.325,0.321,0.256,0.256,0.335,0.335,0.359
305000,0.325,0.321,0.256,0.256,0.335,0.335,0.360
306000,0.325,0.322,0.256,0.256,0.336,0.335,0.360
307000,0.325,0.322,0.256,0.256,0.336,0.336,0.360
308000,0.325,0.322,0.256,0.256,0.337,0.336,0.361
309000,0.326,0.322,0.256,0.256,0.337,0.336,0.361
310000,0.326,0.323,0.256,0.256,0.338,0.337,0.361
311000,0.326,0.323,0.256,0.256,0.338,0.337,0.361
312000,0.326,0.323,0.256,0.256,0.339,0.338,0.362
313000,0.326,0.323,0.257,0.257,0.339,0.338,0.362
314000,0.327,0.323,0.257,0.257,0.340,0.338,0.362
315000,0.327,0.324,0.257,0.257,0.340,0.339,0.363
316000,0.327,0.324,0.257,0.257,0.340,0.339,0.363
317000,0.327,0.324,0.257,0.257,0.341,0.339,0.363
318000,0.327,0.324,0.257,0.257,0.341,0.340,0.363
319000,0.328,0.324,0.257,0.257,0.342,0.340,0.364
320000,0.328,0.325,0.257,0.257,0.342,0.340,0.364
321000,0.328,0.325,0.257,0.257,0.343,0.341,0.364
322000,0.328,0.325,0.257,0.257,0.343,0.341,0.364
323000,0.328,0.325,0.257,0.257,0.343,0.341,0.365
324000,0.329,0.325,0.257,0.257,0.344,0.342,0.365
325000,0.329,0.326,0.257,0.257,0.344,0.342,0.365
326000,0.329,0.326,0.257,0.257,0.345,0.342,0.365
327000,0.329,0.326,0.258,0.258,0.345,0.343,0.366
328000,0.329,0.326,0.258,0.258,0.346,0.343,0.366
329000,0.330,0.326,0.258,0.258,0.346,0.343,0.366
330000,0.330,0.327,0.258,0.258,0.346,0.344,0.367
331000,0.330,0.327,0.258,0.258,0.347,0.344,0.367
332000,0.330,0.327,0.258,0.258,0.347,0.344,0.367
333000,0.330,0.327,0.258,0.258,0.348,0.345,0.367
334000,0.330,0.327,0.258,0.258,0.348,0.345,0.368
335000,0.331,0.328,0.258,0.258,0.348,0.345,0.368
336000,0.331,0.328,0.258,0.258,0.349,0.346,0.368
337000,0.331,0.328,0.258,0.258,0.349,0.346,0.368
338000,0.331,0.328,0.258,0.258,0.350,0.346,0.368
339000,0.331,0.328,0.258,0.258,0.350,0.346,0.369
340000,0.332,0.328,0.258,0.258,0.350,0.347,0.369
341000,0.332,0.329,0.258,0.258,0.351,0.347,0.369
342000,0.332,0.329,0.259,0.259,0.351,0.347,0.369
343000,0.332,0.329,0.259,0.259,0.351,0.348,0.370
344000,0.332,0.329,0.259,0.259,0.352,0.348,0.370
345000,0.332,0.329,0.259,0.259,0.352,0.348,0.370
346000,0.333,0.330,0.259,0.259,0.353,0.349,0.370
347000,0.333,0.330,0.259,0.259,0.353,0.349,0.371
348000,0.333,0.330,0.259,0.259,0.353,0.349,0.371
349000,0.333,0.330,0.259,0.259,0.354,0.349,0.371
350000,0.333,0.330,0.259,0.259,0.354,0.350,0.371
351000,0.333,0.330,0.259,0.259,0.354,0.350,0.372
352000,0.334,0.331,0.259,0.259,0.355,0.350,0.372
353000,0.334,0.331,0.259,0.259,0.355,0.351,0.372
354000,0.334,0.331,0.259,0.259,0.355,0.351,0.372
355000,0.334,0.331,0.259,0.259,0.356,0.351,0.372
356000,0.334,0.331,0.259,0.259,0.356,0.351,0.373
357000,0.334,0.331,0.259,0.259,0.356,0.352,0.373
358000,0.334,0.332,0.259,0.259,0.357,0.352,0.373
359000,0.335,0.332,0.260,0.260,0.357,0.352,0.373
360000,0.335,0.332,0.260,0.260,0.357,0.352,0.373
361000,0.335,0.332,0.260,0.260,0.358,0.353,0.374
362000,0.335,0.332,0.260,0.260,0.358,0.353,0.374
363000,0.335,0.332,0.260,0.260,0.359,0.353,0.374
364000,0.335,0.333,0.260,0.260,0.359,0.354,0.374
365000,0.336,0.333,0.260,0.260,0.359,0.354,0.375
366000,0.336,0.333,0.260,0.260,0.360,0.354,0.375
367000,0.336,0.333,0.260,0.260,0.360,0.354,0.375
368000,0.336,0.333,0.260,0.260,0.360,0.355,0.375
369000,0.336,0.333,0.260,0.260,0.360,0.355,0.375
370000,0.336,0.333,0.260,0.260,0.361,0.355,0.376
371000,0.336,0.334,0.260,0.260,0.361,0.355,0.376
372000,0.337,0.334,0.260,0.260,0.361,0.356,0.376
373000,0.337,0.334,0.260,0.260,0.362,0.356,0.376
374000,0.337,0.334,0.260,0.260,0.362,0.356,0.376
375000,0.337,0.334,0.260,0.260,0.362,0.356,0.377
376000,0.337,0.334,0.260,0.260,0.363,0.357,0.377
377000,0.337,0.335,0.261,0.261,0.363,0.357,0.377
378000,0.337,0.335,0.261,0.261,0.363,0.357,0.377
379000,0.338,0.335,0.261,0.261,0.364,0.357,0.377
380000,0.338,0.335,0.261,0.261,0.364,0.358,0.378
381000,0.338,0.335,0.261,0.261,0.364,0.358,0.378
382000,0.338,0.335,0.261,0.261,0.365,0.358,0.378
383000,0.338,0.335,0.261,0.261,0.365,0.358,0.378
384000,0.338,0.336,0.261,0.261,0.365,0.359,0.378
385000,0.338,0.336,0.261,0.261,0.365,0.359,0.378
386000,0.338,0.336,0.261,0.261,0.366,0.359,0.379
387000,0.339,0.336,0.261,0.261,0.366,0.359,0.379
388000,0.339,0.336,0.261,0.261,0.366,0.360,0.379
389000,0.339,0.336,0.261,0.261,0.367,0.360,0.379
390000,0.339,0.336,0.261,0.261,0.367,0.360,0.379
391000,0.339,0.336,0.261,0.261,0.367,0.360,0.380
392000,0.339,0.337,0.261,0.261,0.367,0.360,0.380
393000,0.339,0.337,0.261,0.261,0.368,0.361,0.380
394000,0.340,0.337,0.261,0.261,0.368,0.361,0.380
395000,0.340,0.337,0.261,0.261,0.368,0.361,0.380
396000,0.340,0.337,0.261,0.261,0.369,0.361,0.380
397000,0.340,0.337,0.261,0.261,0.369,0.362,0.381
398000,0.340,0.337,0.262,0.262,0.369,0.362,0.381
399000,0.340,0.338,0.262,0.262,0.369,0.362,0.381
400000,0.340,0.338,0.262,0.262,0.370,0.362,0.381
401000,0.340,0.338,0.262,0.262,0.370,0.362,0.381
402000,0.341,0.338,0.262,0.262,0.370,0.363,0.381
403000,0.341,0.338,0.262,0.262,0.371,0.363,0.382
404000,0.341,0.338,0.262,0.262,0.371,0.363,0.382
405000,0.341,0.338,0.262,0.262,0.371,0.363,0.382
406000,0.341,0.338,0.262,0.262,0.371,0.364,0.382
407000,0.341,0.339,0.262,0.262,0.372,0.364,0.382
408000,0.341,0.339,0.262,0.262,0.372,0.364,0.382
409000,0.341,0.339,0.262,0.262,0.372,0.364,0.383
410000,0.342,0.339,0.262,0.262,0.372,0.364,0.383
411000,0.342,0.339,0.262,0.262,0.373,0.365,0.383
412000,0.342,0.339,0.262,0.262,0.373,0.365,0.383
413000,0.342,0.339,0.262,0.262,0.373,0.365,0.383
414000,0.342,0.339,0.262,0.262,0.373,0.365,0.383
415000,0.342,0.340,0.262,0.262,0.374,0.365,0.384
416000,0.342,0.340,0.262,0.262,0.374,0.366,0.384
417000,0.342,0.340,0.262,0.262,0.374,0.366,0.384
418000,0.342,0.340,0.262,0.262,0.374,0.366,0.384
419000,0.343,0.340,0.262,0.262,0.375,0.366,0.384
420000,0.343,0.340,0.263,0.263,0.375,0.366,0.384
421000,0.343,0.340,0.263,0.263,0.375,0.367,0.385
422000,0.343,0.340,0.263,0.263,0.375,0.367,0.385
423000,0.343,0.341,0.263,0.263,0.376,0.367,0.385
424000,0.343,0.341,0.263,0.263,0.376,0.367,0.385
425000,0.343,0.341,0.263,0.263,0.376,0.367,0.385
426000,0.343,0.341,0.263,0.263,0.376,0.368,0.385
427000,0.343,0.341,0.263,0.263,0.377,0.368,0.385
428000,0.344,0.341,0.263,0.263,0.377,0.368,0.386
429000,0.344,0.341,0.263,0.263,0.377,0.368,0.386
430000,0.344,0.341,0.263,0.263,0.377,0.368,0.386
431000,0.344,0.341,0.263,0.263,0.378,0.369,0.386
432000,0.344,0.342,0.263,0.263,0.378,0.369,0.386
433000,0.344,0.342,0.263,0.263,0.378,0.369,0.386
434000,0.344,0.342,0.263,0.263,0.378,0.369,0.387
435000,0.344,0.342,0.263,0.263,0.379,0.369,0.387
436000,0.344,0.342,0.263,0.263,0.379,0.369,0.387
437000,0.345,0.342,0.263,0.263,0.379,0.370,0.387
438000,0.345,0.342,0.263,0.263,0.379,0.370,0.387
439000,0.345,0.342,0.263,0.263,0.380,0.370,0.387
440000,0.345,0.342,0.263,0.263,0.380,0.370,0.387
441000,0.345,0.343,0.263,0.263,0.380,0.370,0.388
442000,0.345,0.343,0.263,0.263,0.380,0.371,0.388
443000,0.345,0.343,0.263,0.263,0.380,0.371,0.388
444000,0.345,0.343,0.263,0.263,0.381,0.371,0.388
445000,0.345,0.343,0.263,0.263,0.381,0.371,0.388
446000,0.345,0.343,0.264,0.264,0.381,0.371,0.388
447000,0.346,0.343,0.264,0.264,0.381,0.371,0.388
448000,0.346,0.343,0.264,0.264,0.382,0.372,0.389
449000,0.346,0.343,0.264,0.264,0.382,0.372,0.389
450000,0.346,0.344,0.264,0.264,0.382,0.372,0.389
451000,0.346,0.344,0.264,0.264,0.382,0.372,0.389
452000,0.346,0.344,0.264,0.264,0.382,0.372,0.389
453000,0.346,0.344,0.264,0.264,0.383,0.373,0.389
454000,0.346,0.344,0.264,0.264,0.383,0.373,0.389
455000,0.346,0.344,0.264,0.264,0.383,0.373,0.389
456000,0.346,0.344,0.264,0.264,0.383,0.373,0.390
457000,0.346,0.344,0.264,0.264,0.384,0.373,0.390
458000,0.347,0.344,0.264,0.264,0.384,0.373,0.390
459000,0.347,0.344,0.264,0.264,0.384,0.374,0.390
460000,0.347,0.345,0.264,0.264,0.384,0.374,0.390
461000,0.347,0.345,0.264,0.264,0.384,0.374,0.390
462000,0.347,0.345,0.264,0.264,0.385,0.374,0.390
463000,0.347,0.345,0.264,0.264,0.385,0.374,0.390
464000,0.347,0.345,0.264,0.264,0.385,0.374,0.391
465000,0.347,0.345,0.264,0.264,0.385,0.375,0.391
466000,0.347,0.345,0.264,0.264,0.385,0.375,0.391
467000,0.347,0.345,0.264,0.264,0.386,0.375,0.391
468000,0.348,0.345,0.264,0.264,0.386,0.375,0.391
469000,0.348,0.345,0.264,0.264,0.386,0.375,0.391
470000,0.348,0.345,0.264,0.264,0.386,0.375,0.391
471000,0.348,0.346,0.264,0.264,0.386,0.375,0.392
472000,0.348,0.346,0.264,0.264,0.387,0.376,0.392
473000,0.348,0.346,0.264,0.264,0.387,0.376,0.392
474000,0.348,0.346,0.264,0.264,0.387,0.376,0.392
475000,0.348,0.346,0.265,0.265,0.387,0.376,0.392
476000,0.348,0.346,0.265,0.265,0.387,0.376,0.392
477000,0.348,0.346,0.265,0.265,0.388,0.376,0.392
478000,0.348,0.346,0.265,0.265,0.388,0.377,0.392
479000,0.348,0.346,0.265,0.265,0.388,0.377,0.392
480000,0.349,0.346,0.265,0.265,0.388,0.377,0.393
481000,0.349,0.347,0.265,0.265,0.388,0.377,0.393
482000,0.349,0.347,0.265,0.265,0.389,0.377,0.393
483000,0.349,0.347,0.265,0.265,0.389,0.377,0.393
484000,0.349,0.347,0.265,0.265,0.389,0.377,0.393
485000,0.349,0.347,0.265,0.265,0.389,0.378,0.393
486000,0.349,0.347,0.265,0.265,0.389,0.378,0.393
487000,0.349,0.347,0.265,0.265,0.389,0.378,0.393
488000,0.349,0.347,0.265,0.265,0.390,0.378,0.394
489000,0.349,0.347,0.265,0.265,0.390,0.378,0.394
490000,0.349,0.347,0.265,0.265,0.390,0.378,0.394
491000,0.350,0.347,0.265,0.265,0.390,0.379,0.394
492000,0.350,0.347,0.265,0.265,0.390,0.379,0.394
493000,0.350,0.348,0.265,0.265,0.391,0.379,0.394
494000,0.350,0.348,0.265,0.265,0.391,0.379,0.394
495000,0.350,0.348,0.265,0.265,0.391,0.379,0.394
496000,0.350,0.348,0.265,0.265,0.391,0.379,0.394
497000,0.350,0.348,0.265,0.265,0.391,0.379,0.395
498000,0.350,0.348,0.265,0.265,0.391,0.380,0.395
499000,0.350,0.348,0.265,0.265,0.392,0.380,0.395
500000,0.350,0.348,0.265,0.265,0.392,0.380,0.395
501000,0.350,0.348,0.265,0.265,0.392,0.380,0.395
502000,0.350,0.348,0.265,0.265,0.392,0.380,0.395
503000,0.350,0.348,0.265,0.265,0.392,0.380,0.395
504000,0.351,0.348,0.265,0.265,0.393,0.380,0.395
505000,0.351,0.349,0.265,0.265,0.393,0.380,0.395
506000,0.351,0.349,0.265,0.265,0.393,0.381,0.396
507000,0.351,0.349,0.266,0.266,0.393,0.381,0.396
508000,0.351,0.349,0.266,0.266,0.393,0.381,0.396
509000,0.351,0.349,0.266,0.266,0.393,0.381,0.396
510000,0.351,0.349,0.266,0.266,0.394,0.381,0.396
511000,0.351,0.349,0.266,0.266,0.394,0.381,0.396
512000,0.351,0.349,0.266,0.266,0.394,0.381,0.396
513000,0.351,0.349,0.266,0.266,0.394,0.382,0.396
514000,0.351,0.349,0.266,0.266,0.394,0.382,0.396
515000,0.351,0.349,0.266,0.266,0.394,0.382,0.397
516000,0.351,0.349,0.266,0.266,0.395,0.382,0.397
517000,0.352,0.350,0.266,0.266,0.395,0.382,0.397
518000,0.352,0.350,0.266,0.266,0.395,0.382,0.397
519000,0.352,0.350,0.266,0.266,0.395,0.382,0.397
520000,0.352,0.350,0.266,0.266,0.395,0.383,0.397
521000,0.352,0.350,0.266,0.266,0.395,0.383,0.397
522000,0.352,0.350,0.266,0.266,0.396,0.383,0.397
523000,0.352,0.350,0.266,0.266,0.396,0.383,0.397
524000,0.352,0.350,0.266,0.266,0.396,0.383,0.397
525000,0.352,0.350,0.266,0.266,0.396,0.383,0.398
526000,0.352,0.350,0.266,0.266,0.396,0.383,0.398
527000,0.352,0.350,0.266,0.266,0.396,0.383,0.398
528000,0.352,0.350,0.266,0.266,0.396,0.384,0.398
529000,0.352,0.350,0.266,0.266,0.397,0.384,0.398
530000,0.352,0.351,0.266,0.266,0.397,0.384,0.398
531000,0.353,0.351,0.266,0.266,0.397,0.384,0.398
532000,0.353,0.351,0.266,0.266,0.397,0.384,0.398
533000,0.353,0.351,0.266,0.266,0.397,0.384,0.398
534000,0.353,0.351,0.266,0.266,0.397,0.384,0.398
535000,0.353,0.351,0.266,0.266,0.398,0.384,0.399
536000,0.353,0.351,0.266,0.266,0.398,0.385,0.399
537000,0.353,0.351,0.266,0.266,0.398,0.385,0.399
538000,0.353,0.351,0.266,0.266,0.398,0.385,0.399
539000,0.353,0.351,0.266,0.266,0.398,0.385,0.399
540000,0.353,0.351,0.266,0.266,0.398,0.385,0.399
541000,0.353,0.351,0.266,0.266,0.398,0.385,0.399
542000,0.353,0.351,0.266,0.266,0.399,0.385,0.399
543000,0.353,0.351,0.266,0.266,0.399,0.385,0.399
544000,0.353,0.352,0.266,0.266,0.399,0.385,0.399
545000,0.354,0.352,0.267,0.267,0.399,0.386,0.399
546000,0.354,0.352,0.267,0.267,0.399,0.386,0.400
547000,0.354,0.352,0.267,0.267,0.399,0.386,0.400
548000,0.354,0.352,0.267,0.267,0.400,0.386,0.400
549000,0.354,0.352,0.267,0.267,0.400,0.386,0.400
550000,0.354,0.352,0.267,0.267,0.400,0.386,0.400
551000,0.354,0.352,0.267,0.267,0.400,0.386,0.400
552000,0.354,0.352,0.267,0.267,0.400,0.386,0.400
553000,0.354,0.352,0.267,0.267,0.400,0.387,0.400
554000,0.354,0.352,0.267,0.267,0.400,0.387,0.400
555000,0.354,0.352,0.267,0.267,0.401,0.387,0.400
556000,0.354,0.352,0.267,0.267,0.401,0.387,0.400
557000,0.354,0.352,0.267,0.267,0.401,0.387,0.401
558000,0.354,0.353,0.267,0.267,0.401,0.387,0.401
559000,0.354,0.353,0.267,0.267,0.401,0.387,0.401
560000,0.354,0.353,0.267,0.267,0.401,0.387,0.401
561000,0.355,0.353,0.267,0.267,0.401,0.387,0.401
562000,0.355,0.353,0.267,0.267,0.402,0.388,0.401
563000,0.355,0.353,0.267,0.267,0.402,0.388,0.401
564000,0.355,0.353,0.267,0.267,0.402,0.388,0.401
565000,0.355,0.353,0.267,0.267,0.402,0.388,0.401
566000,0.355,0.353,0.267,0.267,0.402,0.388,0.401
567000,0.355,0.353,0.267,0.267,0.402,0.388,0.401
568000,0.355,0.353,0.267,0.267,0.402,0.388,0.401
569000,0.355,0.353,0.267,0.267,0.402,0.388,0.402
570000,0.355,0.353,0.267,0.267,0.403,0.388,0.402
571000,0.355,0.353,0.267,0.267,0.403,0.389,0.402
572000,0.355,0.353,0.267,0.267,0.403,0.389,0.402
573000,0.355,0.353,0.267,0.267,0.403,0.389,0.402
574000,0.355,0.354,0.267,0.267,0.403,0.389,0.402
575000,0.355,0.354,0.267,0.267,0.403,0.389,0.402
576000,0.355,0.354,0.267,0.267,0.403,0.389,0.402
577000,0.356,0.354,0.267,0.267,0.404,0.389,0.402
578000,0.356,0.354,0.267,0.267,0.404,0.389,0.402
579000,0.356,0.354,0.267,0.267,0.404,0.389,0.402
580000,0.356,0.354,0.267,0.267,0.404,0.389,0.403
581000,0.356,0.354,0.267,0.267,0.404,0.390,0.403
582000,0.356,0.354,0.267,0.267,0.404,0.390,0.403
583000,0.356,0.354,0.267,0.267,0.404,0.390,0.403
584000,0.356,0.354,0.267,0.267,0.404,0.390,0.403
585000,0.356,0.354,0.267,0.267,0.405,0.390,0.403
586000,0.356,0.354,0.267,0.267,0.405,0.390,0.403
587000,0.356,0.354,0.267,0.267,0.405,0.390,0.403
588000,0.356,0.354,0.268,0.268,0.405,0.390,0.403
589000,0.356,0.354,0.268,0.268,0.405,0.390,0.403
590000,0.356,0.355,0.268,0.268,0.405,0.391,0.403
591000,0.356,0.355,0.268,0.268,0.405,0.391,0.403
592000,0.356,0.355,0.268,0.268,0.406,0.391,0.403
593000,0.356,0.355,0.268,0.268,0.406,0.391,0.404
594000,0.357,0.355,0.268,0.268,0.406,0.391,0.404
595000,0.357,0.355,0.268,0.268,0.406,0.391,0.404
596000,0.357,0.355,0.268,0.268,0.406,0.391,0.404
597000,0.357,0.355,0.268,0.268,0.406,0.391,0.404
598000,0.357,0.355,0.268,0.268,0.406,0.391,0.404
599000,0.357,0.355,0.268,0.268,0.406,0.391,0.404
600000,0.357,0.355,0.268,0.268,0.406,0.392,0.404
601000,0.357,0.355,0.268,0.268,0.407,0.392,0.404
602000,0.357,0.355,0.268,0.268,0.407,0.392,0.404
603000,0.357,0.355,0.268,0.268,0.407,0.392,0.404
604000,0.357,0.355,0.268,0.268,0.407,0.392,0.404
605000,0.357,0.355,0.268,0.268,0.407,0.392,0.404
606000,0.357,0.355,0.268,0.268,0.407,0.392,0.405
607000,0.357,0.356,0.268,0.268,0.407,0.392,0.405
608000,0.357,0.356,0.268,0.268,0.407,0.392,0.405
609000,0.357,0.356,0.268,0.268,0.408,0.392,0.405
610000,0.357,0.356,0.268,0.268,0.408,0.392,0.405
611000,0.357,0.356,0.268,0.268,0.408,0.393,0.405
612000,0.358,0.356,0.268,0.268,0.408,0.393,0.405
613000,0.358,0.356,0.268,0.268,0.408,0.393,0.405
614000,0.358,0.356,0.268,0.268,0.408,0.393,0.405
615000,0.358,0.356,0.268,0.268,0.408,0.393,0.405
616000,0.358,0.356,0.268,0.268,0.408,0.393,0.405
617000,0.358,0.356,0.268,0.268,0.409,0.393,0.405
618000,0.358,0.356,0.268,0.268,0.409,0.393,0.405
619000,0.358,0.356,0.268,0.268,0.409,0.393,0.405
620000,0.358,0.356,0.268,0.268,0.409,0.393,0.406
621000,0.358,0.356,0.268,0.268,0.409,0.393,0.406
622000,0.358,0.356,0.268,0.268,0.409,0.394,0.406
623000,0.358,0.356,0.268,0.268,0.409,0.394,0.406
624000,0.358,0.356,0.268,0.268,0.409,0.394,0.406
625000,0.358,0.357,0.268,0.268,0.409,0.394,0.406
626000,0.358,0.357,0.268,0.268,0.410,0.394,0.406
627000,0.358,0.357,0.268,0.268,0.410,0.394,0.406
628000,0.358,0.357,0.268,0.268,0.410,0.394,0.406
629000,0.358,0.357,0.268,0.268,0.410,0.394,0.406
630000,0.358,0.357,0.268,0.268,0.410,0.394,0.406
631000,0.358,0.357,0.268,0.268,0.410,0.394,0.406
632000,0.359,0.357,0.268,0.268,0.410,0.394,0.406
633000,0.359,0.357,0.268,0.268,0.410,0.395,0.406
634000,0.359,0.357,0.268,0.268,0.410,0.395,0.407
635000,0.359,0.357,0.268,0.268,0.411,0.395,0.407
636000,0.359,0.357,0.268,0.268,0.411,0.395,0.407
637000,0.359,0.357,0.268,0.268,0.411,0.395,0.407
638000,0.359,0.357,0.268,0.268,0.411,0.395,0.407
639000,0.359,0.357,0.268,0.268,0.411,0.395,0.407
640000,0.359,0.357,0.269,0.269,0.411,0.395,0.407
641000,0.359,0.357,0.269,0.269,0.411,0.395,0.407
642000,0.359,0.357,0.269,0.269,0.411,0.395,0.407
643000,0.359,0.357,0.269,0.269,0.411,0.395,0.407
644000,0.359,0.358,0.269,0.269,0.412,0.395,0.407
645000,0.359,0.358,0.269,0.269,0.412,0.396,0.407
646000,0.359,0.358,0.269,0.269,0.412,0.396,0.407
647000,0.359,0.358,0.269,0.269,0.412,0.396,0.407
648000,0.359,0.358,0.269,0.269,0.412,0.396,0.407
649000,0.359,0.358,0.269,0.269,0.412,0.396,0.408
650000,0.359,0.358,0.269,0.269,0.412,0.396,0.408
651000,0.359,0.358,0.269,0.269,0.412,0.396,0.408
652000,0.360,0.358,0.269,0.269,0.412,0.396,0.408
653000,0.360,0.358,0.269,0.269,0.412,0.396,0.408
654000,0.360,0.358,0.269,0.269,0.413,0.396,0.408
655000,0.360,0.358,0.269,0.269,0.413,0.396,0.408
656000,0.360,0.358,0.269,0.269,0.413,0.396,0.408
657000,0.360,0.358,0.269,0.269,0.413,0.397,0.408
658000,0.360,0.358,0.269,0.269,0.413,0.397,0.408
659000,0.360,0.358,0.269,0.269,0.413,0.397,0.408
660000,0.360,0.358,0.269,0.269,0.413,0.397,0.408
661000,0.360,0.358,0.269,0.269,0.413,0.397,0.408
662000,0.360,0.358,0.269,0.269,0.413,0.397,0.408
663000,0.360,0.358,0.269,0.269,0.413,0.397,0.408
664000,0.360,0.358,0.269,0.269,0.414,0.397,0.409
665000,0.360,0.359,0.269,0.269,0.414,0.397,0.409
666000,0.360,0.359,0.269,0.269,0.414,0.397,0.409
667000,0.360,0.359,0.269,0.269,0.414,0.397,0.409
668000,0.360,0.359,0.269,0.269,0.414,0.397,0.409
669000,0.360,0.359,0.269,0.269,0.414,0.398,0.409
670000,0.360,0.359,0.269,0.269,0.414,0.398,0.409
671000,0.360,0.359,0.269,0.269,0.414,0.398,0.409
672000,0.360,0.359,0.269,0.269,0.414,0.398,0.409
673000,0.360,0.359,0.269,0.269,0.414,0.398,0.409
674000,0.361,0.359,0.269,0.269,0.415,0.398,0.409
675000,0.361,0.359,0.269,0.269,0.415,0.398,0.409
676000,0.361,0.359,0.269,0.269,0.415,0.398,0.409
677000,0.361,0.359,0.269,0.269,0.415,0.398,0.409
678000,0.361,0.359,0.269,0.269,0.415,0.398,0.409
679000,0.361,0.359,0.269,0.269,0.415,0.398,0.409
680000,0.361,0.359,0.269,0.269,0.415,0.398,0.409
681000,0.361,0.359,0.269,0.269,0.415,0.398,0.410
682000,0.361,0.359,0.269,0.269,0.415,0.399,0.410
683000,0.361,0.359,0.269,0.269,0.415,0.399,0.410
684000,0.361,0.359,0.269,0.269,0.416,0.399,0.410
685000,0.361,0.359,0.269,0.269,0.416,0.399,0.410
686000,0.361,0.360,0.269,0.269,0.416,0.399,0.410
687000,0.361,0.360,0.269,0.269,0.416,0.399,0.410
688000,0.361,0.360,0.269,0.269,0.416,0.399,0.410
689000,0.361,0.360,0.269,0.269,0.416,0.399,0.410
690000,0.361,0.360,0.269,0.269,0.416,0.399,0.410
691000,0.361,0.360,0.269,0.269,0.416,0.399,0.410
692000,0.361,0.360,0.269,0.269,0.416,0.399,0.410
693000,0.361,0.360,0.269,0.269,0.416,0.399,0.410
694000,0.361,0.360,0.269,0.269,0.416,0.399,0.410
695000,0.361,0.360,0.269,0.269,0.417,0.399,0.410
696000,0.361,0.360,0.269,0.269,0.417,0.400,0.410
697000,0.361,0.360,0.269,0.269,0.417,0.400,0.410
698000,0.362,0.360,0.269,0.269,0.417,0.400,0.411
699000,0.362,0.360,0.269,0.269,0.417,0.400,0.411
700000,0.362,0.360,0.270,0.270,0.417,0.400,0.411
701000,0.362,0.360,0.270,0.270,0.417,0.400,0.411
702000,0.362,0.360,0.270,0.270,0.417,0.400,0.411
703000,0.362,0.360,0.270,0.270,0.417,0.400,0.411
704000,0.362,0.360,0.270,0.270,0.417,0.400,0.411
705000,0.362,0.360,0.270,0.270,0.417,0.400,0.411
706000,0.362,0.360,0.270,0.270,0.418,0.400,0.411
707000,0.362,0.360,0.270,0.270,0.418,0.400,0.411
708000,0.362,0.360,0.270,0.270,0.418,0.400,0.411
709000,0.362,0.360,0.270,0.270,0.418,0.400,0.411
710000,0.362,0.361,0.270,0.270,0.418,0.401,0.411
711000,0.362,0.361,0.270,0.270,0.418,0.401,0.411
712000,0.362,0.361,0.270,0.270,0.418,0.401,0.411
713000,0.362,0.361,0.270,0.270,0.418,0.401,0.411
714000,0.362,0.361,0.270,0.270,0.418,0.401,0.411
715000,0.362,0.361,0.270,0.270,0.418,0.401,0.411
716000,0.362,0.361,0.270,0.270,0.418,0.401,0.412
717000,0.362,0.361,0.270,0.270,0.418,0.401,0.412
718000,0.362,0.361,0.270,0.270,0.419,0.401,0.412
719000,0.362,0.361,0.270,0.270,0.419,0.401,0.412
720000,0.362,0.361,0.270,0.270,0.419,0.401,0.412
721000,0.362,0.361,0.270,0.270,0.419,0.401,0.412
722000,0.362,0.361,0.270,0.270,0.419,0.401,0.412
723000,0.363,0.361,0.270,0.270,0.419,0.401,0.412
724000,0.363,0.361,0.270,0.270,0.419,0.402,0.412
725000,0.363,0.361,0.270,0.270,0.419,0.402,0.412
726000,0.363,0.361,0.270,0.270,0.419,0.402,0.412
727000,0.363,0.361,0.270,0.270,0.419,0.402,0.412
728000,0.363,0.361,0.270,0.270,0.419,0.402,0.412
729000,0.363,0.361,0.270,0.270,0.420,0.402,0.412
730000,0.363,0.361,0.270,0.270,0.420,0.402,0.412
731000,0.363,0.361,0.270,0.270,0.420,0.402,0.412
732000,0.363,0.361,0.270,0.270,0.420,0.402,0.412
733000,0.363,0.361,0.270,0.270,0.420,0.402,0.412
734000,0.363,0.361,0.270,0.270,0.420,0.402,0.412
735000,0.363,0.362,0.270,0.270,0.420,0.402,0.413
736000,0.363,0.362,0.270,0.270,0.420,0.402,0.413
737000,0.363,0.362,0.270,0.270,0.420,0.402,0.413
738000,0.363,0.362,0.270,0.270,0.420,0.402,0.413
739000,0.363,0.362,0.270,0.270,0.420,0.403,0.413
740000,0.363,0.362,0.270,0.270,0.420,0.403,0.413
741000,0.363,0.362,0.270,0.270,0.420,0.403,0.413
742000,0.363,0.362,0.270,0.270,0.421,0.403,0.413
743000,0.363,0.362,0.270,0.270,0.421,0.403,0.413
744000,0.363,0.362,0.270,0.270,0.421,0.403,0.413
745000,0.363,0.362,0.270,0.270,0.421,0.403,0.413
746000,0.363,0.362,0.270,0.270,0.421,0.403,0.413
747000,0.363,0.362,0.270,0.270,0.421,0.403,0.413
748000,0.363,0.362,0.270,0.270,0.421,0.403,0.413
749000,0.363,0.362,0.270,0.270,0.421,0.403,0.413
750000,0.363,0.362,0.270,0.270,0.421,0.403,0.413
751000,0.364,0.362,0.270,0.270,0.421,0.403,0.413
752000,0.364,0.362,0.270,0.270,0.421,0.403,0.413
753000,0.364,0.362,0.270,0.270,0.421,0.403,0.413
754000,0.364,0.362,0.270,0.270,0.422,0.403,0.413
755000,0.364,0.362,0.270,0.270,0.422,0.404,0.414
756000,0.364,0.362,0.270,0.270,0.422,0.404,0.414
757000,0.364,0.362,0.270,0.270,0.422,0.404,0.414
758000,0.364,0.362,0.270,0.270,0.422,0.404,0.414
759000,0.364,0.362,0.270,0.270,0.422,0.404,0.414
760000,0.364,0.362,0.270,0.270,0.422,0.404,0.414
761000,0.364,0.363,0.270,0.270,0.422,0.404,0.414
762000,0.364,0.363,0.270,0.270,0.422,0.404,0.414
763000,0.364,0.363,0.270,0.270,0.422,0.404,0.414
764000,0.364,0.363,0.270,0.270,0.422,0.404,0.414
765000,0.364,0.363,0.270,0.270,0.422,0.404,0.414
766000,0.364,0.363,0.270,0.270,0.422,0.404,0.414
767000,0.364,0.363,0.270,0.270,0.423,0.404,0.414
768000,0.364,0.363,0.270,0.270,0.423,0.404,0.414
769000,0.364,0.363,0.270,0.270,0.423,0.404,0.414
770000,0.364,0.363,0.270,0.270,0.423,0.404,0.414
771000,0.364,0.363,0.270,0.270,0.423,0.404,0.414
772000,0.364,0.363,0.270,0.270,0.423,0.405,0.414
773000,0.364,0.363,0.270,0.270,0.423,0.405,0.414
774000,0.364,0.363,0.271,0.271,0.423,0.405,0.414
775000,0.364,0.363,0.271,0.271,0.423,0.405,0.414
776000,0.364,0.363,0.271,0.271,0.423,0.405,0.414
777000,0.364,0.363,0.271,0.271,0.423,0.405,0.415
778000,0.364,0.363,0.271,0.271,0.423,0.405,0.415
779000,0.364,0.363,0.271,0.271,0.423,0.405,0.415
780000,0.365,0.363,0.271,0.271,0.423,0.405,0.415
781000,0.365,0.363,0.271,0.271,0.424,0.405,0.415
782000,0.365,0.363,0.271,0.271,0.424,0.405,0.415
783000,0.365,0.363,0.271,0.271,0.424,0.405,0.415
784000,0.365,0.363,0.271,0.271,0.424,0.405,0.415
785000,0.365,0.363,0.271,0.271,0.424,0.405,0.415
786000,0.365,0.363,0.271,0.271,0.424,0.405,0.415
787000,0.365,0.363,0.271,0.271,0.424,0.405,0.415
788000,0.365,0.363,0.271,0.271,0.424,0.405,0.415
789000,0.365,0.363,0.271,0.271,0.424,0.406,0.415
790000,0.365,0.364,0.271,0.271,0.424,0.406,0.415
791000,0.365,0.364,0.271,0.271,0.424,0.406,0.415
792000,0.365,0.364,0.271,0.271,0.424,0.406,0.415
793000,0.365,0.364,0.271,0.271,0.424,0.406,0.415
794000,0.365,0.364,0.271,0.271,0.424,0.406,0.415
795000,0.365,0.364,0.271,0.271,0.425,0.406,0.415
796000,0.365,0.364,0.271,0.271,0.425,0.406,0.415
797000,0.365,0.364,0.271,0.271,0.425,0.406,0.415
798000,0.365,0.364,0.271,0.271,0.425,0.406,0.415
799000,0.365,0.364,0.271,0.271,0.425,0.406,0.416
800000,0.365,0.364,0.271,0.271,0.425,0.406,0.416
801000,0.365,0.364,0.271,0.271,0.425,0.406,0.416
802000,0.365,0.364,0.271,0.271,0.425,0.406,0.416
803000,0.365,0.364,0.271,0.271,0.425,0.406,0.416
804000,0.365,0.364,0.271,0.271,0.425,0.406,0.416
805000,0.365,0.364,0.271,0.271,0.425,0.406,0.416
806000,0.365,0.364,0.271,0.271,0.425,0.406,0.416
807000,0.365,0.364,0.271,0.271,0.425,0.407,0.416
808000,0.365,0.364,0.271,0.271,0.425,0.407,0.416
809000,0.365,0.364,0.271,0.271,0.425,0.407,0.416
810000,0.365,0.364,0.271,0.271,0.426,0.407,0.416
811000,0.365,0.364,0.271,0.271,0.426,0.407,0.416
812000,0.366,0.364,0.271,0.271,0.426,0.407,0.416
813000,0.366,0.364,0.271,0.271,0.426,0.407,0.416
814000,0.366,0.364,0.271,0.271,0.426,0.407,0.416
815000,0.366,0.364,0.271,0.271,0.426,0.407,0.416
816000,0.366,0.364,0.271,0.271,0.426,0.407,0.416
817000,0.366,0.364,0.271,0.271,0.426,0.407,0.416
818000,0.366,0.364,0.271,0.271,0.426,0.407,0.416
819000,0.366,0.364,0.271,0.271,0.426,0.407,0.416
820000,0.366,0.364,0.271,0.271,0.426,0.407,0.416
821000,0.366,0.365,0.271,0.271,0.426,0.407,0.416
822000,0.366,0.365,0.271,0.271,0.426,0.407,0.416
823000,0.366,0.365,0.271,0.271,0.426,0.407,0.417
824000,0.366,0.365,0.271,0.271,0.426,0.407,0.417
825000,0.366,0.365,0.271,0.271,0.427,0.407,0.417
826000,0.366,0.365,0.271,0.271,0.427,0.408,0.417
827000,0.366,0.365,0.271,0.271,0.427,0.408,0.417
828000,0.366,0.365,0.271,0.271,0.427,0.408,0.417
829000,0.366,0.365,0.271,0.271,0.427,0.408,0.417
830000,0.366,0.365,0.271,0.271,0.427,0.408,0.417
831000,0.366,0.365,0.271,0.271,0.427,0.408,0.417
832000,0.366,0.365,0.271,0.271,0.427,0.408,0.417
833000,0.366,0.365,0.271,0.271,0.427,0.408,0.417
834000,0.366,0.365,0.271,0.271,0.427,0.408,0.417
835000,0.366,0.365,0.271,0.271,0.427,0.408,0.417
836000,0.366,0.365,0.271,0.271,0.427,0.408,0.417
837000,0.366,0.365,0.271,0.271,0.427,0.408,0.417
838000,0.366,0.365,0.271,0.271,0.427,0.408,0.417
839000,0.366,0.365,0.271,0.271,0.427,0.408,0.417
840000,0.366,0.365,0.271,0.271,0.427,0.408,0.417
841000,0.366,0.365,0.271,0.271,0.428,0.408,0.417
842000,0.366,0.365,0.271,0.271,0.428,0.408,0.417
843000,0.366,0.365,0.271,0.271,0.428,0.408,0.417
844000,0.366,0.365,0.271,0.271,0.428,0.408,0.417
845000,0.366,0.365,0.271,0.271,0.428,0.408,0.417
846000,0.367,0.365,0.271,0.271,0.428,0.409,0.417
847000,0.367,0.365,0.271,0.271,0.428,0.409,0.417
848000,0.367,0.365,0.271,0.271,0.428,0.409,0.418
849000,0.367,0.365,0.271,0.271,0.428,0.409,0.418
850000,0.367,0.365,0.271,0.271,0.428,0.409,0.418
851000,0.367,0.365,0.271,0.271,0.428,0.409,0.418
852000,0.367,0.365,0.271,0.271,0.428,0.409,0.418
853000,0.367,0.365,0.271,0.271,0.428,0.409,0.418
854000,0.367,0.366,0.271,0.271,0.428,0.409,0.418
855000,0.367,0.366,0.271,0.271,0.428,0.409,0.418
856000,0.367,0.366,0.271,0.271,0.428,0.409,0.418
857000,0.367,0.366,0.271,0.271,0.429,0.409,0.418
858000,0.367,0.366,0.271,0.271,0.429,0.409,0.418
859000,0.367,0.366,0.271,0.271,0.429,0.409,0.418
860000,0.367,0.366,0.271,0.271,0.429,0.409,0.418
861000,0.367,0.366,0.271,0.271,0.429,0.409,0.418
862000,0.367,0.366,0.271,0.271,0.429,0.409,0.418
863000,0.367,0.366,0.271,0.271,0.429,0.409,0.418
864000,0.367,0.366,0.271,0.271,0.429,0.409,0.418
865000,0.367,0.366,0.272,0.272,0.429,0.409,0.418
866000,0.367,0.366,0.272,0.272,0.429,0.409,0.418
867000,0.367,0.366,0.272,0.272,0.429,0.410,0.418
868000,0.367,0.366,0.272,0.272,0.429,0.410,0.418
869000,0.367,0.366,0.272,0.272,0.429,0.410,0.418
870000,0.367,0.366,0.272,0.272,0.429,0.410,0.418
871000,0.367,0.366,0.272,0.272,0.429,0.410,0.418
872000,0.367,0.366,0.272,0.272,0.429,0.410,0.418
873000,0.367,0.366,0.272,0.272,0.429,0.410,0.418
874000,0.367,0.366,0.272,0.272,0.430,0.410,0.418
875000,0.367,0.366,0.272,0.272,0.430,0.410,0.419
876000,0.367,0.366,0.272,0.272,0.430,0.410,0.419
877000,0.367,0.366,0.272,0.272,0.430,0.410,0.419
878000,0.367,0.366,0.272,0.272,0.430,0.410,0.419
879000,0.367,0.366,0.272,0.272,0.430,0.410,0.419
880000,0.367,0.366,0.272,0.272,0.430,0.410,0.419
881000,0.367,0.366,0.272,0.272,0.430,0.410,0.419
882000,0.367,0.366,0.272,0.272,0.430,0.410,0.419
883000,0.367,0.366,0.272,0.272,0.430,0.410,0.419
884000,0.368,0.366,0.272,0.272,0.430,0.410,0.419
885000,0.368,0.366,0.272,0.272,0.430,0.410,0.419
886000,0.368,0.366,0.272,0.272,0.430,0.410,0.419
887000,0.368,0.366,0.272,0.272,0.430,0.410,0.419
888000,0.368,0.366,0.272,0.272,0.430,0.410,0.419
889000,0.368,0.366,0.272,0.272,0.430,0.411,0.419
890000,0.368,0.366,0.272,0.272,0.430,0.411,0.419
891000,0.368,0.367,0.272,0.272,0.431,0.411,0.419
892000,0.368,0.367,0.272,0.272,0.431,0.411,0.419
893000,0.368,0.367,0.272,0.272,0.431,0.411,0.419
894000,0.368,0.367,0.272,0.272,0.431,0.411,0.419
895000,0.368,0.367,0.272,0.272,0.431,0.411,0.419
896000,0.368,0.367,0.272,0.272,0.431,0.411,0.419
897000,0.368,0.367,0.272,0.272,0.431,0.411,0.419
898000,0.368,0.367,0.272,0.272,0.431,0.411,0.419
899000,0.368,0.367,0.272,0.272,0.431,0.411,0.419
900000,0.368,0.367,0.272,0.272,0.431,0.411,0.419
901000,0.368,0.367,0.272,0.272,0.431,0.411,0.419
902000,0.368,0.367,0.272,0.272,0.431,0.411,0.419
903000,0.368,0.367,0.272,0.272,0.431,0.411,0.419
904000,0.368,0.367,0.272,0.272,0.431,0.411,0.420
905000,0.368,0.367,0.272,0.272,0.431,0.411,0.420
906000,0.368,0.367,0.272,0.272,0.431,0.411,0.420
907000,0.368,0.367,0.272,0.272,0.431,0.411,0.420
908000,0.368,0.367,0.272,0.272,0.431,0.411,0.420
909000,0.368,0.367,0.272,0.272,0.431,0.411,0.420
910000,0.368,0.367,0.272,0.272,0.432,0.411,0.420
911000,0.368,0.367,0.272,0.272,0.432,0.411,0.420
912000,0.368,0.367,0.272,0.272,0.432,0.412,0.420
913000,0.368,0.367,0.272,0.272,0.432,0.412,0.420
914000,0.368,0.367,0.272,0.272,0.432,0.412,0.420
915000,0.368,0.367,0.272,0.272,0.432,0.412,0.420
916000,0.368,0.367,0.272,0.272,0.432,0.412,0.420
917000,0.368,0.367,0.272,0.272,0.432,0.412,0.420
918000,0.368,0.367,0.272,0.272,0.432,0.412,0.420
919000,0.368,0.367,0.272,0.272,0.432,0.412,0.420
920000,0.368,0.367,0.272,0.272,0.432,0.412,0.420
921000,0.368,0.367,0.272,0.272,0.432,0.412,0.420
922000,0.368,0.367,0.272,0.272,0.432,0.412,0.420
923000,0.368,0.367,0.272,0.272,0.432,0.412,0.420
924000,0.368,0.367,0.272,0.272,0.432,0.412,0.420
925000,0.369,0.367,0.272,0.272,0.432,0.412,0.420
926000,0.369,0.367,0.272,0.272,0.432,0.412,0.420
927000,0.369,0.367,0.272,0.272,0.432,0.412,0.420
928000,0.369,0.367,0.272,0.272,0.432,0.412,0.420
929000,0.369,0.367,0.272,0.272,0.433,0.412,0.420
930000,0.369,0.368,0.272,0.272,0.433,0.412,0.420
931000,0.369,0.368,0.272,0.272,0.433,0.412,0.420
932000,0.369,0.368,0.272,0.272,0.433,0.412,0.420
933000,0.369,0.368,0.272,0.272,0.433,0.412,0.420
934000,0.369,0.368,0.272,0.272,0.433,0.412,0.421
935000,0.369,0.368,0.272,0.272,0.433,0.412,0.421
936000,0.369,0.368,0.272,0.272,0.433,0.412,0.421
937000,0.369,0.368,0.272,0.272,0.433,0.413,0.421
938000,0.369,0.368,0.272,0.272,0.433,0.413,0.421
939000,0.369,0.368,0.272,0.272,0.433,0.413,0.421
940000,0.369,0.368,0.272,0.272,0.433,0.413,0.421
941000,0.369,0.368,0.272,0.272,0.433,0.413,0.421
942000,0.369,0.368,0.272,0.272,0.433,0.413,0.421
943000,0.369,0.368,0.272,0.272,0.433,0.413,0.421
944000,0.369,0.368,0.272,0.272,0.433,0.413,0.421
945000,0.369,0.368,0.272,0.272,0.433,0.413,0.421
946000,0.369,0.368,0.272,0.272,0.433,0.413,0.421
947000,0.369,0.368,0.272,0.272,0.433,0.413,0.421
948000,0.369,0.368,0.272,0.272,0.433,0.413,0.421
949000,0.369,0.368,0.272,0.272,0.434,0.413,0.421
950000,0.369,0.368,0.272,0.272,0.434,0.413,0.421
951000,0.369,0.368,0.272,0.272,0.434,0.413,0.421
952000,0.369,0.368,0.272,0.272,0.434,0.413,0.421
953000,0.369,0.368,0.272,0.272,0.434,0.413,0.421
954000,0.369,0.368,0.272,0.272,0.434,0.413,0.421
955000,0.369,0.368,0.272,0.272,0.434,0.413,0.421
956000,0.369,0.368,0.272,0.272,0.434,0.413,0.421
957000,0.369,0.368,0.272,0.272,0.434,0.413,0.421
958000,0.369,0.368,0.272,0.272,0.434,0.413,0.421
959000,0.369,0.368,0.272,0.272,0.434,0.413,0.421
960000,0.369,0.368,0.272,0.272,0.434,0.413,0.421
961000,0.369,0.368,0.272,0.272,0.434,0.413,0.421
962000,0.369,0.368,0.272,0.272,0.434,0.414,0.421
963000,0.369,0.368,0.272,0.272,0.434,0.414,0.421
964000,0.369,0.368,0.272,0.272,0.434,0.414,0.421
965000,0.369,0.368,0.272,0.272,0.434,0.414,0.421
966000,0.369,0.368,0.272,0.272,0.434,0.414,0.421
967000,0.369,0.368,0.272,0.272,0.434,0.414,0.422
968000,0.369,0.368,0.272,0.272,0.434,0.414,0.422
969000,0.369,0.368,0.272,0.272,0.434,0.414,0.422
970000,0.370,0.368,0.272,0.272,0.435,0.414,0.422
971000,0.370,0.368,0.272,0.272,0.435,0.414,0.422
972000,0.370,0.368,0.272,0.272,0.435,0.414,0.422
973000,0.370,0.368,0.272,0.272,0.435,0.414,0.422
974000,0.370,0.369,0.272,0.272,0.435,0.414,0.422
975000,0.370,0.369,0.272,0.272,0.435,0.414,0.422
976000,0.370,0.369,0.272,0.272,0.435,0.414,0.422
977000,0.370,0.369,0.272,0.272,0.435,0.414,0.422
978000,0.370,0.369,0.272,0.272,0.435,0.414,0.422
979000,0.370,0.369,0.272,0.272,0.435,0.414,0.422
980000,0.370,0.369,0.273,0.273,0.435,0.414,0.422
981000,0.370,0.369,0.273,0.273,0.435,0.414,0.422
982000,0.370,0.369,0.273,0.273,0.435,0.414,0.422
983000,0.370,0.369,0.273,0.273,0.435,0.414,0.422
984000,0.370,0.369,0.273,0.273,0.435,0.414,0.422
985000,0.370,0.369,0.273,0.273,0.435,0.414,0.422
986000,0.370,0.369,0.273,0.273,0.435,0.414,0.422
987000,0.370,0.369,0.273,0.273,0.435,0.414,0.422
988000,0.370,0.369,0.273,0.273,0.435,0.414,0.422
989000,0.370,0.369,0.273,0.273,0.435,0.415,0.422
990000,0.370,0.369,0.273,0.273,0.435,0.415,0.422
991000,0.370,0.369,0.273,0.273,0.435,0.415,0.422
992000,0.370,0.369,0.273,0.273,0.436,0.415,0.422
993000,0.370,0.369,0.273,0.273,0.436,0.415,0.422
994000,0.370,0.369,0.273,0.273,0.436,0.415,0.422
995000,0.370,0.369,0.273,0.273,0.436,0.415,0.422
996000,0.370,0.369,0.273,0.273,0.436,0.415,0.422
997000,0.370,0.369,0.273,0.273,0.436,0.415,0.422
998000,0.370,0.369,0.273,0.273,0.436,0.415,0.422
999000,0.370,0.369,0.273,0.273,0.436,0.415,0.422
1000000,0.370,0.369,0.273,0.273,0.436,0.415,0.422
